id,name,model_id:id,group_id:id,perm_read,perm_write,perm_create,perm_unlink
access_majal_lease_user,majal.lease user,model_majal_lease,majal_real_estate.group_majal_real_estate_user,1,0,0,0
access_majal_lease_pm,majal.lease property manager,model_majal_lease,group_majal_property_manager,1,1,1,0
access_majal_lease_manager,majal.lease manager,model_majal_lease,majal_real_estate.group_majal_real_estate_manager,1,1,1,1
access_majal_lease_rent_line_user,majal.lease.rent.line user,model_majal_lease_rent_line,majal_real_estate.group_majal_real_estate_user,1,0,0,0
access_majal_lease_rent_line_pm,majal.lease.rent.line property manager,model_majal_lease_rent_line,group_majal_property_manager,1,1,1,1
access_majal_lease_rent_line_manager,majal.lease.rent.line manager,model_majal_lease_rent_line,majal_real_estate.group_majal_real_estate_manager,1,1,1,1
access_majal_maintenance_request_user,majal.maintenance.request user,model_majal_maintenance_request,majal_real_estate.group_majal_real_estate_user,1,1,1,0
access_majal_maintenance_request_pm,majal.maintenance.request property manager,model_majal_maintenance_request,group_majal_property_manager,1,1,1,1
access_majal_maintenance_request_manager,majal.maintenance.request manager,model_majal_maintenance_request,majal_real_estate.group_majal_real_estate_manager,1,1,1,1
